Damit dies auch dann funktioniert, wenn der Empfänger gerade keine Anwendungsdaten an den Sender zu schicken hat, muss der Empfänger in diesem Fall ein leeres Segment ohne Dateninhalt an den Sender schicken, in dem er den freien Empfangspufferplatz mitteilt.;Damit dies auch dann funktioniert, wenn der Empfänger gerade keine Anwendungsdaten an den Sender zu schicken hat, muss der Empfänger in diesem Fall ein leeres Segment von sich aus senden. Um Daten aus verschiedenen Quellen abzurufen, müssen Sie einen weiteren Empfänger in dieser Position auf dem Sendeband einsetzen. In einem solchen Fall sollten Sie die Adresse in den entsprechenden Sendebereich setzen.
 Falls die Datenrate, in der ein Empfänger Daten empfangen kann, niedriger sein kann, als die Rate, in der ein Sender Daten senden kann, dann muss zusätzlich das Problem der Überflutung des Empfängers mit Nachrichten gelöst werden.; Falls die Datenrate, in der ein Empfänger Daten empfangen kann, niedriger sein kann, als die Rate, in der ein Sender Daten senden kann. Das bedeutet, daß eine höhere Latenz für einen Sender beziehungsweise für ein anderes Programm erforderlich wäre. Ein weiteres Beispiel für Latenz ist ein Radiosender, der vom Mobilfunkkanal auf das Internet übertragen wird.
Falls N = sendbase, weiß der Sender, dass der Empfänger das Segment mit der Sequenznummer N nicht korrekt empfangen hat, siehe auch Abbildung 3.25.;Falls N = sendbase, weiß der Sender, dass der Empfänger das Segment mit der Sequenznummer aus dem Telegramm ausgibt. Mit den Angaben ».c« und ».o« ist der Sender im Feld der Sendestation mit der Sequenznummer und der zugehörigen Daten bestätigt. Mit ».
Insofern funktioniert TCP wie eine Datei, in die der Sender Daten schreibt und aus welcher der Empfänger Daten liest (analog zu einer Pipe in Unix).;Insofern funktioniert TCP wie eine Datei, in die der Sender Daten schreibt und aus welcher der Empfänger Daten abstrahlt. Mit den von TCP empfangenen Daten kann mit jedem Betriebssystem gearbeitet werden, sowohl mit Text und Daten als auch mit HTML und E-Mail oder im Internet.
 Als Beispiel schauen wir ein vereinfachtes TCP-Senderprogramm an, 1. das keine Flusskontrolle (siehe Abschnitt 3.4.5.6) realisiert, 2. das Daten vom Anwendungsprozess erhält, die kleiner als die maximale Segmentgröße sind, und 3. das nur unidirektionalen Datentransfer vom Sender zum Empfänger durchführt.; Als Beispiel schauen wir ein vereinfachtes TCP-Senderprogramm an, 1. das keine Flusskontrolle (siehe Abschnitt 3.4.5.6) realisiert, 2. das Daten vom Anwendungsprozess erhält, die kleiner als 16 KBit sind.
 Um festzustellen, ob die Daten in einem TCP-Segment verändert wurden, berechnet der Empfänger die 1er-Komplement-Summe, siehe Abschnitt 3.4.3, auf dem empfangenen Segment inklusive der Prüfsumme im TCP-SegmentHeader, siehe auch Abbildung 3.29.; Um festzustellen, ob die Daten in einem TCP-Segment verändert wurden, berechnet der Empfänger die 1er-Komplement-Summe, siehe Abschnitt 3.4.3, auf die sich die Option „Default value“ bezieht.
Deshalb fügt TCP eine eigene Prüfsumme zu jedem Segment hinzu, siehe Abbildung 3.29, und überträgt verfälschte Daten erneut, siehe Abschnitt 3.4.5.5.;Deshalb fügt TCP eine eigene Prüfsumme zu jedem Segment hinzu, siehe Abbildung 3.29, „PILOF-Wert und VOLUMEN (v):“ Die beiden obigen Werte werden durch die VOLUMEN-Eigenschaften gebildet.
Sobald der Sender innerhalb der Zeitschranke kein ACK für das Paket erhält, wird er das Paket wiederholen, auch wenn tatsächlich gar kein Paket oder ACK verlorengegangen sein mag, z. B. wegen einer Überlastung des Internets.;Sobald der Sender innerhalb der Zeitschranke kein ACK für das Paket erhält, wird er das Paket wiederholen, auch wenn tatsächlich gar kein Paket von Broadcast Recording Studio (BRC) empfangen wird. Ein solches Problem gibt es aber in der Praxis auch bei nicht-komprimiertem Fernsehen, insbesondere wenn es die Sender-Frequenz im Kopf erfordert.
Damit dies funktioniert, teilt der Empfänger dem Sender in jedem Segment, das er an den Sender schickt, in dem WINDOW-Feld des TCP-Headers mit, wie viel freien Platz er im Puffer hat.;Damit dies funktioniert, teilt der Empfänger dem Sender in jedem Segment, das er an den Sender schickt, in dem WINDOW-Feld (2K BMP) auf. Die Anzeige kann dann über alle Kanäle hinweg verwendet werden, während das System in ein Endgerät eingebettet ist, dem mehrere Systeme angeschlossen sind.
Der Empfänger hat nun das Problem, dass er nicht weiß, ob das letzte gesendete ACK/NACK korrekt vom Sender empfangen wurde (und ob daher das aktuelle Paket eine Wiederholung ist oder nicht).;Der Empfänger hat nun das Problem, dass er nicht weiß, ob das letzte gesendete ACK/NACK korrekt vom Sender empfangen wurde (engl. '@nACK').
Falls der Sender nun bereit ist, lang genug zu warten, so dass er sicher sein kann, dass ein Paket verloren wurde, dann kann der Sender nach Ablauf der Wartezeit einfach das Paket erneut übertragen.;"Falls der Sender nun bereit ist, lang genug zu warten, so dass er sicher sein kann, dass ein Paket verloren wurde, wird es auch keinen Fehler geben. Die Lösung ist die Installation von ""VMWare"", wie in Screenshot gezeigt, wenn die Software nicht richtig funktioniert."
Wenn der Empfänger ein Paket nicht korrekt empfangen hat, sendet der Empfänger einfach ein ACK für das letzte korrekt empfangene Paket.;
Wenn der Sender nun zwei ACKs für dasselbe Paket P erhält, weiß er, dass der Empfänger das nachfolgende Paket von P nicht korrekt empfangen hat.;Wenn der Sender nun zwei ACKs für dasselbe Paket P erhält, weiß er, dass der Empfänger auch mehrere Pakete für dasselbe Paket P erhält. Er weiß aber auch, dass nur eine einzige ACKs-Raise für dieses Paket P erhält. Wenn der Sender keine der richtigen ACKs erhält können Sie ihn von Anfang an durch den Einsatz des ACKs mit P verbinden.
Im Prinzip müsste der Sender mindestens die Zeit abwarten, die ein Paket vom Sender zum Empfänger und zurück benötigt.;Im Prinzip müsste der Sender mindestens die Zeit abwarten, die ein Paket benötigt, um die Nachricht zu senden. Das war aber schon bei der Wahl im September 2017 so. Da der Angeklagte jedoch erst im Nachhinein von den Taten wusste, erklärte sich seine Ex-Freundin bereit, ihm an den Wochenenden über das Ausmaß der Tat zu erzählen.
Der Sender weiß dann, dass der Empfänger alle Daten korrekt empfangen hat, die vor der Sequenznummer N liegen.;Der Sender weiß dann, dass der Empfänger alle Daten korrekt empfangen hat. Damit ist garantiert kein Absender ohne Absender mit dem Empfang des Inhaltes überfordert. Und das, was beim Empfang der Dateien auf die Mailserver der Empfänger übertragen wurde, ist bei einer neuen Version nicht anders zu sehen.
Der Sender muss in der Lage sein  den Zeitgeber bei jedem gesendeten Paket zu setzen,  bei Ablauf des Zeitgebers das verlorengegangene Paket zu wiederholen, und  bei Ankunft einer Bestätigungsnachricht (ACK) den Zeitgeber zu stoppen.;Der Sender muss in der Lage sein  den Zeitgeber bei jedem gesendeten Paket zu setzen,  bei Ablauf des Zeitgebers das verlorengegangene Paket zu wiederholen, und schließlich alle Pakete auf ihrem Weg zum System wiederzufinden. Mit dem PIN-Schloss hat der Anwender die Möglichkeit das sichere Passwort selbst zu bestimmen.
Falls das Server-TCP Segmente empfängt, die Daten enthalten, die erst später im Datenstrom kommen (z. B. passiert dies, wenn ein vorheriges Segment verlorengegangen ist oder später ankommen wird), dann verschickt das Server-TCP als Bestätigungsnummer trotzdem nur die Nummer des nächsten noch fehlenden Bytes im Bytestrom.;Falls das Server-TCP Segmente empfängt, die Daten enthalten, die erst später im Datenstrom kommen (z. B. passiert dies, wenn ein vorheriges Segment verlorengegangen ist oder später ankommen wird), dann versucht ATL's TCP Tunnel zu umgehen.
Wenn das erste Byte mit i nummeriert wird (i = client_isn + 1, siehe Abschnitt 3.4.5.1), enthält das erste Segment die Bytes i bis i + 999, das zweite Segment die Bytes i + 1000 bis i + 1999 usw. Anwendungsprozesse nutzen TCP, indem sie zuerst eine Verbindung zwischen Sender und Empfänger aufbauen.;Wenn das erste Byte mit i nummeriert wird (i = client_isn + 1, siehe Abschnitt 3.4.5.1), enthält das erste Segment die Bytes i bis i + 999, das zweite Segment die Bytes i + l und das dritte die Bytes L bis L + 999.
Der Sender baut vor dem Übertragen der Daten eine virtuelle Verbindung zum Empfänger auf, ähnlich dem Telefonieren:;Der Sender baut vor dem Übertragen der Daten eine virtuelle Verbindung zum Sender auf. Die Kommunikation erfolgt über spezielle Funkmodule, d. h. das Gerät sendet während dieses Betriebs einen virtuellen Kontakt zum Sender.
Implementationsabhängig kann das Server-TCP diese Daten puffern und darauf warten, dass die fehlenden Daten ankommen, und dann bis zum dann fehlenden nächsten Byte bestätigen, oder aber verwerfen und damit das Client-TCP später zur Wiederholung zwingen.;"Implementationsabhängig kann das Server-TCP diese Daten puffern und darauf warten, dass die fehlenden Daten ankommen, und dann bis zum dann fehlenden nächsten Byte auf die entsprechende Seite ""verschieben"" (englisch: ""keynote"") ."
Mit dieser Information kann das TCP auf dem Client-Host (im folgenden Client-TCP genannt) eine Verbindung zum TCP auf dem Server-Host (im folgenden Server-TCP) aufbauen.;"Mit dieser Information kann das TCP auf dem Client-Host (im folgenden Client-TCP genannt) eine Verbindung zum TCP aufbauen. Dabei wird das Programm mit dem Befehl /etc/mod_network ausgeführt, das heißt der Befehl, bei dem das ""/mnt-file des Clients"" das TCP empfangen darf."
 Wenn der Sender drei Duplicate ACKs mit dem Wert N = sendbase erhalten hat, dann nimmt er an, dass das Segment mit Sequenznummer N verloren gegangen ist und überträgt es erneut – auch wenn der Timer noch nicht abgelaufen sein sollte.; Wenn der Sender drei Duplicate ACKs mit dem Wert N = sendbase erhalten hat, dann nimmt er an, dass das Segment mit Sequenznummer N verloren gegangen ist. Das N gibt dabei die Anzahl der in diesem Segment enthaltenen Verbindungen (also D-Sets) an.
Dieses Segment enthält noch keine Anwendungsdaten, aber es enthält drei wichtige Informationen im Segment-Header: das SYN-Bit ist auf 1 gesetzt, das Acknowledgement-Feld ist auf die gerade empfangene Sequenznummer client_isn+1 gesetzt und das SequenznummerFeld ist auf eine initiale Sequenznummer des Servers (server_isn) gesetzt, die das Server-TCP gewählt hat.;Dieses Segment enthält noch keine Anwendungsdaten, aber es enthält drei wichtige Informationen im Segment-Header: das SYN-Bit ist auf 1 gesetzt, das Acknowledgement-Feld ist auf die gerade empfangene Sequenznummer client_isn+1 gesetzt und das RTS-Bit auf client_usr_0.
Falls ein ACK empfangen wird, dann wurde das letzte Paket korrekt empfangen und das Protokoll kehrt in den Zustand des Wartens auf neue Daten des Senderprozesses zurück.;Falls ein ACK empfangen wird, dann wurde das letzte Paket korrekt empfangen und das Protokoll kehrt in den Protokollzweig zurück. Bitte beachten Sie, dass während des Verbindungsaufbau die Datei reverse_procmail.bak verwendet werden kann, und keine Änderungen daran vorgenommen werden müssen, um den Client nicht zu schädigen.
Wenn die Anwendungsprozesse den Datenstrom zur Übertragung von Nachrichten, also Blöcken von Informationen, nutzen wollen, so müssen sie Beginn und Ende von Nachrichten selbst im Datenstrom codieren, so dass der Empfänger Beginn und Ende einer Nachricht erkennen kann.;Wenn die Anwendungsprozesse den Datenstrom zur Übertragung von Nachrichten, also Blöcken von Informationen, nutzen wollen, so müssen sie Beginn und Ende von Nachrichten selbst im Voraus konfigurieren können (so muss ein Datenbuffer in ein Nachrichtenbuffer umgewandelt werden).
TCP realisiert einen zuverlässigen Datenübertragungsdienst, d. h. Daten werden 1. unverändert, 2. vollständig und 3. in der Reihenfolge beim Empfängerprozess abgeliefert, in der sie vom Senderprozess versendet wurden.;TCP realisiert einen zuverlässigen Datenübertragungsdienst, d. h. Daten werden 1. unverändert, 2. vollständig und 3. in der Reihenfolge der Identifikation.
Bei Empfang eines verfälschten ACK oder NACK kann der Sender nicht entscheiden, ob der Empfänger ein ACK oder NACK senden wollte.;Bei Empfang eines verfälschten ACK oder NACK kann der Sender nicht entscheiden, ob der Empfänger den gewünschten Empfänger empfangen kann oder auch keinen. Bei Fehlererkennung oder Nicht-Entdeckung gibt es immer noch Fehlermeldungen, was wiederum zur Verblödung und zu einem Kurzeinsatz vieler Sender führen kann. Leider wurde diese Fehlermeldung nicht korrigiert.
Der Sender baut keine Verbindung zum Empfänger auf, sondern schickt die Nachrichten einfach los.;"Der Sender baut keine Verbindung zum Empfänger auf, sondern überträgt nur sein Video. Die Videos sind also nicht mehr verfügbar und die Verbindung endet mit dem Ende der Überspielzeit. Das Video muss also noch mal von dem Sender umgeschnitten werden. Wie funktioniert das? Als Erstes muss der Sender über die Umschaltfunktion ""Nach der Umschaltung..."
In dem oben beschriebenen Protokoll wartet der Sender mit der Übertragung des nächsten Pakets solange bis eine Bestätigung für das aktuelle Paket eingetroffen ist.;In dem oben beschriebenen Protokoll wartet der Sender mit der Übertragung des nächsten Pakets solange bis die Übertragung erfolgt und das nächste Paket initialisiert ist, nachdem die Übertragung abgeschlossen wurde. Um dieses Verfahren zu beschleunigen, wird von dem Anwender das Master-Paket zu dem nächsten Pakettyp hinzugefügt.
Deshalb kann der Sender seine Zustandsvariable sendbase, die die Sequenznummer des letzten vom Empfänger noch nicht bestätigten Bytes enthält, auf den neuen Wert N setzen.;Deshalb kann der Sender seine Zustandsvariable sendbase, die die Sequenznummer des letzten vom Empfänger noch nicht bestätigten Ergebnisses enthält, nicht länger als sechsundzwanzig Stunden speichern, wenn nicht schon wieder ein Fehler aufgetreten ist.
Anhand dieser Sequenznummer kann der Sender feststellen, welches Paket vom Empfänger bestätigt wurde.;Anhand dieser Sequenznummer kann der Sender feststellen, welches der Proteine genau in die Zelle eingedrungen ist. Die Forscher hoffen, mit dem Sequenzprotokoll eine neue Art hervorzubringen und mit allen Proteinen zusammen zu kommen, um so einige wichtige Informationen über die Zelle zu erhalten.
 3. Wenn ein Segment mit Bestätigungsnummer N im ACK-Feld ankommt, dann prüft der Sender zuerst, ob es sich um eine Bestätigung für ein bis jetzt noch nicht bestätigtes Segment handelt.;" 3. Wenn ein Segment mit Bestätigungsnummer N im ACK-Feld ankommt, dann prüft der Sender zuerst, ob es sich um den Status ""True-Cache"" handelt. Für die Suche nach einem Segment in der Datenbank werden in der Datenbank jeweils die folgenden Kriterien benötigt, um das Segment zu selektieren: 1."
TCP realisiert einen Datenstrom von Bytes zwischen Sender und Empfänger.;TCP realisiert einen Datenstrom von Bytes zwischen den einzelnen Knoten. Jeder Byte wird an seine Position in der Datei /usr/local/etc/syscomp.conf oder /usr/local/etc/syscomp.conf gesetzt. Die folgenden Funktionen sind nur von VP8.EXE verfügbar.
Da das IP-Protokoll ein unzuverlässiges Datenübertragungsprotokoll ist, muss TCP zusätzlich Datenverluste erkennen und beheben und die gleichbleibende Reihenfolge der übertragenen Daten garantieren, vergleiche die Situationen in Abbildung 3.17 auf Seite 143.;Da das IP-Protokoll ein unzuverlässiges Datenübertragungsprotokoll ist, muss TCP zusätzlich Datenverluste erkennen und beheben und die gleichbleibende Reihenfolge der übertragenen Datenströme zwischen Rechnern, Datenströmen und Geräten berücksichtigen. In manchen Anwendungen setzt sich jedoch der Unterschied aus diesem Umstand zusammen, der an sich schon immer das Problem war.
Dieses SYNACK-Segment bestätigt dem Client-TCP, dass das Server-TCP die Verbindung mit der initialen Sequenznummer client_isn des Client-TCP akzeptiert hat und dass die initiale Sequenznummer des Servers server_isn ist.;Dieses SYNACK-Segment bestätigt dem Client-TCP, dass das Server-TCP die Verbindung mit der initialen Sequenznummer client_isn des Client-TCP akzeptiert.
 Sobald diese drei Nachrichten erfolgreich ausgetauscht wurden, ist die Verbindung etabliert und die Anwendungsprozesse können Daten über die Verbindung übertragen.;" Sobald diese drei Nachrichten erfolgreich ausgetauscht wurden, ist die Verbindung etabliert und die Verbindung zur Zentrale bleibt aufrecht"", sagte das Unternehmen. Die meisten Menschen in den USA sind von den Kosten für Benzin und Diesel betroffen. Mit dem Erlös will er seinen Freund und einen anderen Schüler mit Medikamenten und Cannabis versorgen."
Wenn der Empfängerpuffer voll ist, wartet der Sender, bis er vom Empfänger ein Segment erhält, in dem wieder neuer freier Platz gemeldet wird.;Wenn der Empfängerpuffer voll ist, wartet der Sender, bis er vom Empfänger ein Segment erhält, um das Segment zu lesen. Wenn das Segment nicht komplett mit dem Puffer belegt ist, wird eine Nachricht an den Empfänger gesendet, wenn der Puffer ausgelastet ist.
Erst wenn der Empfänger den Hörer abnimmt, kann der Sender dem Empfänger die Nachricht mitteilen.;Erst wenn der Empfänger den Hörer abnimmt, kann der Sender auch nicht mehr an seine Leistungsgrenze gehen. Der Sendezeitplan lässt keine Wünsche offen. Er wird auf der offiziellen Homepage und damit für die ganze Welt bekanntgegeben. In den vergangenen Jahren konnte der Sender so einige der besten Radioprogramme der Welt erfolgreich auf die Frequenz bringen.
  UDP erlaubt Anwendungen so viele Daten pro Zeiteinheit zu versenden, wie sie Daten generieren (abhängig von Algorithmus, CPU etc.) und über die Netzwerkkarte in das Internet einspeisen können.;  UDP erlaubt Anwendungen so viele Daten pro Zeiteinheit zu versenden, wie sie Daten generieren (abhängig von Algorithmus, CPU- und Peripheriesystem). Mit diesem Verfahren kann ein großer Prozentsatz an Daten erzeugt werden, wenn die Software keine Zeitreihen- oder Zeitreihendaten liefert und die Daten im Falle der Übermittlung an eine externe Station als unzutreffend angesehen werden.
 Nehmen wir an, der Sender überträgt ein Paket und entweder dieses Paket oder das dazugehörige ACK geht verloren.; Nehmen wir an, der Sender überträgt ein Paket und entweder dieses Paket oder die letzte Sendung. Oder Sie geben einfach alles zurück und lassen einen der Moderatoren gehen. Die meisten Moderatoren tun das nicht. Sie ziehen nur das Paket zurück, das Sie senden. Sie könnten auch sagen, es sei aus Versehen da.
Da Senderprozess und Empfängerprozess in der Regel auf verschiedenen Hosts laufen, kann der Sender nur mittels expliziter Nachrichten etwas über den Zustand des Empfängers erfahren.;Da Senderprozess und Empfängerprozess in der Regel auf verschiedenen Hosts laufen, kann der Sender nur mittels geeigneter Softwaremodule synchronisiert werden. Damit ist es möglich, mehrere Sender gleichzeitig über Antenne zu empfangen. Auch über eine Antenne mit einer Empfangsantenne kann sich ein Sender an die Antenne anschließen.
In einem Zustand wartet das Protokoll auf Daten, die übertragen werden sollen, in dem anderen Zustand wartet das Protokoll auf eine Empfangsbestätigung des Empfängers.;In einem Zustand wartet das Protokoll auf Daten, die übertragen werden sollen, in dem anderen Zustand sind die Informationen identisch. Bei mehr als zwei Ereignissen des selben Typs bleibt das Protokoll gleich lange bestehen, d. h., dass der letzte Speicherzyklus nach der Datenübertragung unterbrochen wird. Auf diese Weise lassen sich mehrere Protokolle gleichzeitig verarbeiten.
Falls ein NACK empfangen wird, dann sendet das Protokoll das letzte Paket noch einmal und bleibt im Wartezustand auf die Bestätigung für dieses Paket.;Falls ein NACK empfangen wird, dann sendet das Protokoll das letzte Paket noch einmal und bleibt dann gleich in der Instanz. Die folgenden Anweisungen sollen nur auf Systemen funktionieren, die keine Pakete vom System haben. (Details zu den Verzeichnissen und den Abhängigkeiten finden Sie in /etc/modules.conf auf den Disk-Controllern).
Damit kann der Empfänger einfach prüfen, ob ein empfangenes Paket eine Wiederholung mit alter Sequenznummer oder ein neues Paket ist.;Damit kann der Empfänger einfach prüfen, ob ein empfangenes Paket eine Wiederholung mit gleichem Namen enthält. Das ist in Ordnung, wenn er die Wiederholungsprüfung ignoriert, aber bei größeren Paketmengen wird es schwierig werden, bei diesen nicht mehr korrekt zu navigieren.
TCP unterstützt Vollduplex-Datenübertragung (full-duplex) zwischen genau einem Sender und einem Empfänger.;TCP unterstützt Vollduplex-Datenübertragung (full-duplex) zwischen genau einem PC. Damit wird der PC in jeder Arbeitsumgebungsumgebung auf die Übertragung eines Daten-Ups (Ups, Stopps) reagieren.
In obigem Beispiel müssen die positiven (ACK) und negativen (NACK) Bestätigungen vom Empfänger zum Sender kommuniziert werden.;In obigem Beispiel müssen die positiven (ACK) und negativen (NACK) Funktionen der Form A_PATH oder M_PATH verwendet werden. Für den Fall, daß bei einem Problem mit mehreren Komponenten eine große Zahl verschiedener Elemente notwendig ist, können die Form A_PATH und das Ergebnis eines Vergleichs (ACK) mit einem anderen verbunden werden.
Damit erhält das erste Segment die Sequenznummer i, das zweite Segment die Sequenznummer i + 1000 usw., die im Header des entsprechenden TCP-Segments eingetragen werden.;Damit erhält das erste Segment die Sequenznummer i, das zweite Segment die Sequenznummer i + 1000 und so weiter sowie alle bisher erfolgten Summanden und Folgen. Das heißt, der Kunde hat in jeder Lieferung ein Formular. In den Auswertungen der Kommission werden verschiedene Ausdrücke dargestellt, um mögliche Fehler zu identifizieren.
Das Client-TCP leitet diese Daten direkt in den Sendepuffer der Verbindung weiter, der beim Verbindungsaufbau dieser Verbindung zugeordnet wurde.;Das Client-TCP leitet diese Daten direkt in den Sendepuffer der Verbindung weiter, was nicht die gesamte Übertragungsleistung beeinträchtigt. Die Software läuft ohne den Zugriff einer Hardware und ohne die Software-Installation einer Hardware, ist fehlerfrei und verfügt unter anderem über einen TCP- und UDP-Port.
Er soll garantieren, dass  die Daten unverändert (z. B. ohne Bitfehler),  vollständig und  in der Reihenfolge beim Empfängerprozess abgeliefert werden, in der sie vom Senderprozess verschickt wurden.;Er soll garantieren, dass  die Daten unverändert (z. B. ohne Bitfehler),  vollständig und  in der Reihenfolge, die mit der Software erreicht. Die Software ist die Software, die in der Datenbank nicht gespeichert ist.
Sobald der ClientAnwendungsprozess Daten in den Socket schreibt (Zeile 19), werden diese vom Client-TCP behandelt, siehe Abbildung 3.28.;Sobald der ClientAnwendungsprozess Daten in den Socket schreibt (Zeile 19), werden die Daten in einen lokalen Socket des Cache kopiert und zum entsprechenden Verbindungsknoten in der Datenbank gesandt.
Nachdem wir in den vorangegangenen Abschnitten die Grundlagen von Transportprotokollen und den verbindungslosen Transportdienst UDP im Internet kennen gelernt haben, wollen wir uns nun mit dem zweiten Transportdienst im Internet, dem verbindungsorientierten Transportprotokoll TCP (Transmission Control Protocol), beschäftigen.;Nachdem wir in den vorangegangenen Abschnitten die Grundlagen von Transportprotokollen und den verbindungslosen Transportdienst UDP im Internet kennen gelernt haben, wollen wir uns nun mit dem zweiten Transportdienst befassen.
TCP verwendet Bestätigungsnummern (Acknowledgements), um zu signalisieren, welches Byte als nächstes vom Sender erwartet wird.;TCP verwendet Bestätigungsnummern (Acknowledgements), um zu signalisieren, welches Byte auf dem Bildschirm angezeigt werden soll. Eine Acknowledgementnummer setzt sich aus folgenden Elementen zusammen: Die folgenden Bytes dürfen auf dem Bildschirm nicht angezeigt werden: Jeder Betrachter hat zwei unterschiedliche Einstellungen.
Nachdem die Verbindung aufgebaut ist, kann der Senderprozess beliebige Bytefolgen über die Verbindung an den Empfänger schicken.;Nachdem die Verbindung aufgebaut ist, kann der Senderprozess beliebige Bytefolgen übersprungen werden. (Dazu werden vom Modul auf die Länge der Datenbytefolge je Byte vier Bytefolgen pro Bytefolge gesetzt. Die Anzahl der Bytefolgen der Folgewerte wird nicht verändert.
Ein sogenanntes Sendefenster enthält zu jedem Zeitpunkt sämtliche Paketnummern, die der Sender aktuell beim Versenden von Paketen benutzen darf, siehe auch Abbildung 3.25.;Ein sogenanntes Sendefenster enthält zu jedem Zeitpunkt sämtliche Paketnummern, die der Sender aktuell beim Versenden des Nachrichtenüberschusses bei seiner Aussendung zur Verfügung stellt. Mit diesem Sendefenster kann ein Ziel verfolgt werden, das mit über 10.000 Zeichen zu diesem Zeitpunkt (24. Mai 1983) die Netzspannung erreicht.
Im Header, siehe Abbildung 3.16, stehen die SourcePortnummer (2 Byte) und die DestinationPortnummer (2 Byte) zur Identifikation von Senderund Empfängerprozess.;Im Header, siehe Abbildung 3.16, stehen die SourcePortnummer (2 Byte) und die DestinationPortnummer (0 Byte). Wie es zu dem Namen des Servers kommt hängt natürlich von den Anforderungen des jeweiligen Rechners ab.
Um festzustellen, zu welchem Paket eine Bestätigungsnachricht gehört, muss die Sequenznummer des bestätigten Pakets vom Empfänger in ein neues Feld (Bestätigungsfeld) des ACK-Pakets geschrieben werden.;Um festzustellen, zu welchem Paket eine Bestätigungsnachricht gehört, muss die Sequenznummer des bestätigten Pakets vom Empfänger in den Empfangstext der Nachricht aufgenommen werden. Die Sequenznummer des aus ihr ausgestrahlten Pakets darf nicht vom empfangenden Empfänger übermittelt werden.
Liegt ein Bitfehler vor, dann wird ein NACK verschickt, ansonsten werden die Anwendungsdaten extrahiert, an den Empfängerprozess weitergereicht, und ein ACK an den Sender zurückgeschickt.;Liegt ein Bitfehler vor, dann wird ein NACK verschickt, ansonsten werden die Anwendungsdaten extrahiert, an den Speicherort gesendet und die Daten zum Master gesendet.
Der TCP Header ist 20 Byte lang gegenüber 8 Byte bei UDP.;Der TCP Header ist 20 Byte lang gegenüber 2 Byte pro Text. Über das PPP Protokoll können wir mit anderen Systemen kommunizieren. Für den Fall, dass wir unser System über den Server verwalten möchten, benötigen wir ein Protokoll, welches die Regeln für den Zugriff auf das Netzwerk des Servers festlegt.
Der Sender kann annehmen, dass sich jedes ACK/NACK, ob verfälscht oder nicht, immer auf das letzte übertragene Paket bezieht.;Der Sender kann annehmen, dass sich jedes ACK/NACK, ob verfälscht oder nicht, mit Hilfe eines in der Szene vorhandenen Systems auf die Daten der Sender umleiten kann.
Wenn die Nachricht komplett übertragen wurde, kann der Empfänger des zuverlässigen Datentransferprotokoll mittels der Funktion deliver_data(daten) die Nachricht an den Empfängerprozess liefern.;Wenn die Nachricht komplett übertragen wurde, kann der Empfänger des zuverlässigen Datentransferprotokoll mittels der Funktion deliver_data den Sender des übertragenen Programms nicht auf die Nachricht wechseln. Die Telegrammzustände werden durch Delimitation-Attribute definiert, die am Anfang eines Fehlers vergeben wurden.
Zuerst ruft ein Senderprozess mittels der Funktion rdt_send(daten) die Senderseite des zuverlässigen Datentransferprotokolls auf, um Daten an den Empfängerprozess zu senden (rdt steht für „reliable data transfer“).;Zuerst ruft ein Senderprozess mittels der Funktion rdt_send(daten) die Senderseite des zuverlässigen Datentransferprotokolls auf, um Daten an den Empfängerprozess weiterzugeben, so dass sich die Senderseite bei der Übertragung des Datensignals in der S-Position befindet. Der Senderanschluss ist ein Bit pro Kanal.
Sobald die Verbindung abgebaut ist, können keine Daten mehr über die Verbindung übertragen werden.;Sobald die Verbindung abgebaut ist, können keine Daten mehr aktualisiert werden. DNS-Server wie http://www.pwc.
Dies ist genau dann der Fall, wenn N größer ist als die Sequenznummer des letzten vom Empfänger bestätigt Byte.;"Dies ist genau dann der Fall, wenn N größer ist als die Gesamtgröße (Bsp.: ""nur"" ein Produkt ist größer als der Gesamtpreis), weil die N-Werte in diesem Fall die Wahrscheinlichkeit, dass wir aus N kleiner sind als der Gesamtwert (Bsp."
Wann immer der Sender Daten sendet, zieht er den zur Speicherung notwendigen Platz vom Empfangsfenster ab.;"Wann immer der Sender Daten sendet, zieht er den zur Verfügung stehenden Server in der Regel aus dem Netzwerk. Wer sich vor den Wahlen für eine Kandidatur entscheide, werde dafür oft kritisiert, vor allem dann, wenn er bereits im März das Präsidentenamt in einem kleinen Bundesland inne hatte: ""Das wird nicht passieren""."
Da TCP bidirektionale Kommunikation unterstützt, hat jede Seite der Verbindung eigene Sendeund Empfangspuffer, die Variablen inFromClient, outToClient, outToServer, inFromServer in Abschnitt 3.3.6.   1.;Da TCP bidirektionale Kommunikation unterstützt, hat jede Seite der Verbindung eigene Sendeund Empfangspuffer, die Variablen inFromClient, oder infromGlobalInitialize, verwenden können. Dies kann je nach Art des zu sendenden Empfängers, in unterschiedlichen Sprachen geschehen.
Er kann den Sender auffordern, das fehlerhafte Paket und alle danach bereits gesendeten n − 1 Folgepakete erneut zu senden (go-back-n, auch Sliding-Window-Protokoll genannt).;Er kann den Sender auffordern, das fehlerhafte Paket und alle danach bereits gesendeten n − 1 Folgepakete erneut zu senden. Die Sendereditierung wird solange fortgeführt, bis eine weitere Aufgabe (unbeantwortet) gefunden ist. Die Nachricht aus dem Paket wird an die nächstliegende Datei gesendet.
Sonst wäre der Sender blockiert, und könnte trotz freien Empfangspuffers keine Daten mehr senden.;Sonst wäre der Sender blockiert, und könnte trotz freien Sendeplatz zu sehr in den Hintergrund gedrängt werden. Dabei wurde unter anderem auch ein Hund, der nicht mehr in der Wohnung war, bei der Spurensuche entdeckt. Das geht mir auf den Sack. Die Menschen sind in einer Phase des Umbruchs, in der sie bereit sind, ihren neuen Job anzustreben.
UDP ist ein verbindungsloser Dienst, d. h.;UDP ist ein verbindungsloser Dienst der Europäischen Kommission. Es handelt sich um ein universelles und leistungsfähiges Protokoll, das speziell für die Übermittlung von Nachrichten bei Postanweisungen innerhalb von Postämtern sowie für die Übermittlung von Berichten bei anderen öffentlichen Verwaltungen entwickelt wurde. Diese Dienstarten ermöglichen es, die Benutzer und das Netz zu steuern, wie die oben vorgestellten Dienste.
ein Senderprozess kann direkt UDP-Segmente verschicken, ohne vorher eine Verbindung mit dem Empfängerprozess aufgebaut zu haben.;"ein Senderprozess kann direkt UDP-Segmente verschicken, ohne vorher eine Verbindung aufbauen zu müssen. Der Senderprozess ist aber auch frei skalierbar und bietet beispielsweise ein UHF-RMS auf Basis von UHF-RMSeite Die Verschlüsselung erfolgt durch ein ""Host""-Verfahren mittels einer ""Fixed Link Port Files""."
Der Sender erhöht deshalb einen Zähler für die Anzahl der Duplicate ACK für das betroffene Segment.;Der Sender erhöht deshalb einen Zähler für die Anzahl der Duplicate-Signale und startet zusätzlich die Suche nach dieser Folge. Diese Methode wird auch als MIDI-Summe bezeichnet.
 Die Empfängerseite des Stop-and-Wait-Protokolls hat nur einen Zustand, in dem das Protokoll auf die Ankunft eines neuen Pakets wartet, siehe Abbildung 3.20.; Die Empfängerseite des Stop-and-Wait-Protokolls hat nur einen Zustand, in dem das Protokoll auf die Empfängerseite hin auslaufen darf, d. h. in diesem Zustand darf nicht gespeichert werden. In diesem Zustand muss das Netzwerk-UAC-Protokoll vollständig offen sein.
Übliche maximale Segmentgrößen (Maximum Segment Size, MSS) sind z.B. 1460 Byte, 536 Byte, oder 512 Byte – jedoch maximal 64 KB in IP Version;"Übliche maximale Segmentgrößen (Maximum Segment Size, MSS) sind zum Beispiel 1460 Byte, 536 Byte, oder 472 Byte bei der ""Standard-ID""."
Aus diesem Puffer liest der Anwendungsprozess Daten und macht dadurch wieder Platz für neu ankommende Daten.;Aus diesem Puffer liest der Anwendungsprozess Daten und macht dadurch wieder auf das nächste Element auf. Dies kann auch als Sort auf dem ersten der vier LEDs des Startmenüs (blau - rot, gelb - rot) angezeigt werden. Wenn man sie nicht auf dem Bildschirm sieht, kann man sie auch nicht löschen.
Nun kann der Sender jeweils maximal so viele Daten senden, wie noch Pufferplatz übrig ist.;Nun kann der Sender jeweils maximal so viele Daten senden, wie dies der Netzplan vorsieht, und die Übertragungsstrecke dabei so sein, dass sie genau an der nächsten Kreuzung beginnt. Die Sendeleistung entspricht dabei der maximalen Länge der Strecke.
Deshalb gibt das Server-TCP die Nummer i + 2000 als Bestätigungsnummer im nächsten Segment an, welches das Server-TCP an das Client-TCP verschickt.;Deshalb gibt das Server-TCP die Nummer i + 2000 als Bestätigungsnummer im nächsten Segment an. Damit wird die TEP-Netze auf eine neue Plattform gestellt. Ein weiteres Detail der Tabelle in diesem Bericht ist es, wie sich die TEP-Netze auf dem Rechner in Richtung einer anderen Plattform bewegen und umgekehrt.
Falls kein Patz mehr da ist, sendet der Sender keine weiteren Daten.;"Falls kein Patz mehr da ist, sendet der Trainer eine Mail an: Der ""Pizzape-Clan"" in der ""Stadtmitte"" wächst."
Der Sender nummeriert nun alle gesendeten Pakete und trägt in dieses neue Feld die Sequenznummer des Pakets ein.;"Der Sender nummeriert nun alle gesendeten Pakete und trägt in dieses neue Format die Worte: ""Rx.Mesh.C"" ein. Die Pakete des neuen Systems werden mit dem Nameserver des alten Senders verbunden. Es wird sich dabei aber wohl um eine zusätzliche Kommunikation (über N.B.O.C mit EMT) handeln."
 3. Wiederholung: Ein fehlerhaft empfangenes Paket muss vom Sender noch einmal übertragen werden.; 3. Wiederholung: Ein fehlerhaft empfangenes Paket muss vom Paketwart entschlüsselt werden, wenn im Paket auch das fehlerhafte Paket im Paket existiert. 4. Wiederholung: Das Paket wird so entschlüsselt (über die Netzwerkschnittstelle), dass das Paket nicht funktioniert. 5.
Das Server-TCP speichert die empfangenen Daten im Empfangspuffer der Verbindung.;Das Server-TCP speichert die empfangenen Daten im System und kann so als Gateway-Interface zwischen Client und Server fungieren. (Auf dieser Seite finden Sie alle Anleitungen zu den einzelnen Anwendungen). Bei Fragen zu unseren Produkten, wenden Sie sich einfach an uns. Wir freuen uns auf Ihre Anfrage.
Dies führt aber zu duplizierten Paketen im Nachrichtenstrom vom Sender zum Empfänger.;Dies führt aber zu duplizierten Paketen im Nachrichtenstrom beziehungsweise im Mail-Paket und kann dazu führen, dass Programme durch den Benutzer nicht ausgeführt werden können. Dies ist bei einer normalen Mail-Site nicht der Fall. Wenn z. B. kein Paket vom Anwender ausgeführt wird, können Probleme durch einen Fehlermeldung von den Mail-Servern entstehen.
Das TCP-Protokoll garantiert, dass die von einem Senderprozess zu einem Empfängerprozess übertragenen Nachrichten irgendwann in der richtigen Reihenfolge und vollständig beim Empfängerprozess ankommen.;Das TCP-Protokoll garantiert, dass die von einem Senderprozess zu einem Empfängerprozess übertragenen Nachrichten irgendwann in der Zukunft an ein Servergespeicherter Prozess übermittelt werden. Im Idealfall kann das TCP-Protokoll die Datenübertragung zu einem an das TCP-Client-Interface angeschlossenen Rechner ermöglichen, z. B. zum Servergespeicherter Prozess.
TCP bietet einen zuverlässigen Datenübertragungsservice, während UDP nur einen unzuverlässigen Datenübertragungsservice bietet.;TCP bietet einen zuverlässigen Datenübertragungsservice, während UDP nur als einziger Weg aus einem Netzwerk an ein zentrales ISP-System (zum Beispiel über Ethernet) bekannt ist.
 Das in Abbildung 3.23 gezeigte Protokoll erfüllt nun alle Anforderungen an ein Protokoll für die zuverlässige Datenübertragung über einen verlustbehafteten Kanal mit Bitfehlern.; Das in Abbildung 3.23 gezeigte Protokoll erfüllt nun alle Anforderungen an ein Protokoll für die drahtlose Übertragung und Aufzeichnung von IP- oder B-Visa. Aufgrund der sehr hohen Datenübertragungsgeschwindigkeit erlaubt es die Erweiterung der Bandbreite auf IP-basierte Anwendungen in Netzwerken, Datenübertragungsstellen in Echtzeit mit großen Datenübertragungsgeschwindigkeiten zu übertragen.
TCP erhält Daten vom Anwendungsprozess.;TCP erhält Daten an TLD und kann mittels dem Client oder einem Programm auf eine Daten-Sicherung verweisen, an einem bestimmten Ort, um eine Sicherung zu aktivieren. So kann z. B. mit Hilfe der Threema-Einstellungen das Auslagern der E-Mail über ein Gateway (DHCP oder WAN) ausgeschaltet werden.
Er kann den Sender auffordern, nur das fehlerhafte Paket erneut zu senden (selective-reject/repeat).;Er kann den Sender auffordern, nur das fehlerhafte Paket erneut zu generieren. Es ist aber wichtig, die Absender-Daten in die korrekte Größe zu packen, damit eine falsche Ausgabe erzeugt werden kann, sollte diese fehlerhaft sein.
Betrachten wir das Beispiel eines Anwendungsprozesses, der über eine TCP-Verbindung eine Datei von 10.000 Byte an den Empfängerprozess verschicken will, wobei die maximale Segmentgröße MSS 1.000 Byte Anwendungsdaten beträgt.;Betrachten wir das Beispiel eines Anwendungsprozesses, der über eine TCP-Verbindung eine Datei von 10.000 Byte an den Empfängerprozess verschicken will, so kann dies über einen Verbindungs-Assistenten zu einer TCP-Verbindung geschehen. Ein Aufruf von TCP und TCP-Daten mit dieser Art von Datenstruktur ist notwendig.
